Workbook

Sheet Javaslatok
A1: Gardenly – átvilágítás: felhasználói élmény, biztonság, szerzői jog
A2: Készült: 2026-10-30. A jogi pontok tájékoztató jellegűek, nem helyettesítik a jogászt. Kitölthető oszlopok: Állapot (legördülő lista) és Megjegyzés (sárga fejléc).
A4: # | B4: Kategória | C4: Fontosság | D4: Megfigyelés | E4: Javaslat | F4: Állapot | G4: Megjegyzés
A5: 1 | B5: Funkció | C5: High | D5: A terv csak a böngészőben tárolódik. Az iPhone Safari egy nem telepített weboldal adatait kb. 7 nap használaton kívül törölheti. Az alkalmazás nem kér tartós tárhelyet, és nem emlékeztet mentésre. | E5: Tartós tárhely kérése a böngészőtől, és figyelmeztetés, ha ezt nem kapja meg. Mentés-emlékeztető (pl. hetente vagy nagyobb módosítás után). Egy kattintásos „mentés fájlba”. | F5: Kész | G5: Tartós tárhely kérése, mentési állapot, heti emlékeztető, mentés fájlba (0.3.0)
A6: 2 | B6: Jogi szempont | C6: High | D6: A „nem mérgező” és „tüske nélkül” szűrők biztonságérzetet adnak (gyerek, kutya, macska), pedig az adatok egy része „ellenőrizendő”. | E6: Jól látható felelősségkizárás a szűrőnél és az infókártyán: tájékoztató adat, mérgező növénynél kérdezz szakembert. Az adatforrások megnevezése. | F6: Kész | G6: Figyelmeztetés a szűrőnél, infókártyán, terület korlátjánál; adatforrások a Jogi információkban
A7: 3 | B7: Jogi szempont | C7: High | D7: A kód nagy részét MI írta. Az EU-s és a magyar szerzői jogban a védelemhez emberi alkotás kell, így a „minden jog fenntartva” hatóköre a kódra bizonytalan. | E7: Jogászi egyeztetés. A saját alkotói rész dokumentálása (specifikáció, döntések, arculat, növényadatok). Védelem felhasználási feltételekkel és védjeggyel is. | F7: Nyitott
A8: 4 | B8: Jogi szempont | C8: High | D8: A felhasznált nyílt forrású összetevők licencei kötelezően mellékelendők, és ezt a „minden jog fenntartva” nem írhatja felül. Ilyenek: React, Zustand, fflate, Workbox (MIT); idb-keyval (Apache-2.0); a három betűtípus (SIL OFL). | E8: Harmadik féltől származó licencek listájának automatikus generálása buildkor, link a Névjegyben. | F8: Kész | G8: public/third-party-licenses.txt buildkor generálva, link a Névjegyben
A9: 5 | B9: Jogi szempont | C9: High | D9: A Wikipédia/Commons fotók általában CC BY-SA licencűek. Ehhez szerző, licencnév, licenclink és forráslink kell, az infókártyán viszont csak a szerző és a licenc neve látszik. | E9: Licenc- és forráslink a fotó alá. Ha a fotó exportba kerül, ott is feltüntetni. | F9: Kész | G9: Licenc- és Commons-forráslink az infókártyán és a növényűrlapon
A10: 6 | B10: Jogi szempont | C10: High | D10: A „Gardenly” névre nem volt védjegykutatás. Lehet azonos nevű kertészeti alkalmazás vagy cég. | E10: Kutatás az EUIPO, az SZTNH és az app store-ok adatbázisában még a nyilvános megjelenés előtt. Szükség esetén bejelentés. | F10: Folyamatban | G10: Előzetes kutatás: docs/legal/NEVKUTATAS.md – több azonos nevű app és egy USA védjegy; hivatalos kutatás és döntés hátravan
A11: 7 | B11: Felhasználói élmény | C11: High | D11: Kis telefonon zsúfolt a felső sáv: 375–390 px-en a terület neve 4–5 betűre rövidül, 320 px-en eltűnik. | E11: A ritkábban használt gombok (súgó, nézet, téma) egy menübe vagy második sorba. A terület neve maradjon olvasható. | F11: Nyitott
A12: 8 | B12: Biztonság | C12: Normal | D12: A CSV/XLSX-exportban a =, +, - vagy @ jellel kezdődő cellák (pl. importált saját növénynévből) Excelben képletként futhatnak le. | E12: Az ilyen cellák elé aposztróf. | F12: Kész | G12: Aposztróf a képletjellel kezdődő cellák elé (CSV, táblázat másolás), importnál visszaáll
A13: 9 | B13: Biztonság | C13: Normal | D13: A mentés és a megosztott link betöltése csak néhány mezőt ellenőriz. Egy hibás vagy szándékosan torzított fájl összeomlaszthatja az alkalmazást. Mivel automatikusan mentődik, indításkor újra összeomolhat. | E13: Teljes sémaellenőrzés és méretkorlát. Hibakezelő képernyő „Mentés letöltése / Alaphelyzet” lehetőséggel. | F13: Kész | G13: Teljes szerkezeti ellenőrzés és méretkorlát; „Valami elromlott” helyreállító képernyő
A14: 10 | B14: Biztonság | C14: Normal | D14: Nincs CSP (tartalombiztonsági szabály). | E14: CSP meta-tag: csak a saját fájlok, data/blob képek és a Wikimedia-címek engedélyezve. | F14: Kész | G14: CSP meta-tag a buildben, e2e teszt sértés nélkül
A15: 11 | B15: Jogi szempont | C15: Normal | D15: Nyilvános közzétételnél adatvédelmi tájékoztató kell. Az alkalmazás kérést küld a Wikimédiának (IP-cím, latin nevek), a megosztott link a teljes tervet tartalmazza, a ChatGPT-küldésnél a felhasználó továbbítja az adatokat. | E15: Rövid adatvédelmi tájékoztató az alkalmazásban és a README-ben. | F15: Kész | G15: Adatvédelmi tájékoztató (HU/EN) az alkalmazásban és docs/legal alatt – jogászi átnézés javasolt
A16: 12 | B16: Jogi szempont | C16: Normal | D16: Nincsenek felhasználási feltételek (felelősségkorlátozás, MI-képek, árak és adatok pontossága). | E16: Rövid felhasználási feltételek a Névjegyben. | F16: Kész | G16: Felhasználási feltételek (HU/EN) – jogászi átnézés javasolt
A17: 13 | B17: Jogi szempont | C17: Normal | D17: Ha a GitHub-tároló nyilvános, a GitHub feltételei szerint mások megnézhetik és forkolhatják, függetlenül a LICENSE fájltól. | E17: Ha védeni szeretnéd, maradjon privát. A publikus kiadás legyen külön döntés. | F17: Nyitott
A18: 14 | B18: Jogi szempont | C18: Normal | D18: A logó a csatolt referenciakép alapján készült. | E18: Tisztázni, honnan származik a referenciakép (saját, MI-generált, ügynökségi), és van-e felhasználási jogod rá. | F18: Nyitott
A19: 15 | B19: Funkció | C19: Normal | D19: A helyszín be van égetve (Győr): a gondozási naptár és a látványterv-leírás is erre épül. | E19: Helyszín vagy klímazóna beállítás a projektben. | F19: Kész | G19: Helyszín és éghajlat beállítás (városok vagy saját fagydátumok)
A20: 16 | B20: Funkció | C20: Normal | D20: A növényadatok egy része „ellenőrizendő”. | E20: Szakértői átnézés, forrás és dátum mezőnként. | F20: Folyamatban | G20: Eszközök kész: adatforrás, ellenőrzés dátuma, „Ellenőrizendők listája (CSV)”; maga a szakértői átnézés hátravan
A21: 17 | B21: Funkció | C21: Normal | D21: Valódi eszközön nem volt teszt: iPhone/Android megosztó menü a ChatGPT felé, 200+ tő gördülékenysége. | E21: Tesztelés valódi telefonokon, utána igazítás. | F21: Nyitott
A22: 18 | B22: Felhasználói élmény | C22: Normal | D22: Kijelölt elemnél az alsó lebegő sáv eltakarja a rajz alját. | E22: Kisebb sáv, vagy a rajz ennyivel feljebb igazodik. | F22: Nyitott
A23: 19 | B23: Felhasználói élmény | C23: Normal | D23: Sok funkció menük mélyén van (látványterv, ötletgenerátor, csere, rögzített elemek). | E23: „Gyors műveletek” gomb vagy kereshető parancslista. Kezdő ellenőrzőlista az első tervhez. | F23: Kész | G23: ⚡ Gyors műveletek (Ctrl+K) és „Az első terv lépései” ellenőrzőlista
A24: 20 | B24: Felhasználói élmény | C24: Normal | D24: A látványképek és háttérfotók nagy mentéseket okoznak, a tárhelykvóta betelhet. | E24: A projekt méretének kijelzése, figyelmeztetés kvóta közelében, képek külön kezelése. | F24: Nyitott
A25: 21 | B25: Felhasználói élmény | C25: Normal | D25: Akadálymentesség: a rajz főleg érintéssel vagy egérrel használható. A nagybetűs gombfeliratok és a halvány szövegek kontrasztja gyenge lehet. | E25: WCAG AA kontrasztellenőrzés. Elemmozgatás billentyűzettel. Képernyőolvasó-próba. | F25: Nyitott
A26: 22 | B26: Felhasználói élmény | C26: Normal | D26: A hibák csak rövid felugró üzenetként jelennek meg, központi hibakezelés nincs. | E26: Hibakezelő képernyő érthető szöveggel és mentési lehetőséggel (a 9. ponttal együtt). | F26: Nyitott
A27: 23 | B27: Biztonság | C27: Low | D27: Az npm audit 4 alacsony súlyosságú sebezhetőséget jelez (deepmerge, a PWA build-bővítmény alatt). Ez csak build közben fut, a kész alkalmazásba nem kerül be. | E27: Rendszeres npm audit, automatikus függőségfrissítés (Dependabot). | F27: Nyitott
A28: 24 | B28: Biztonság | C28: Low | D28: A megosztott link lejárat nélkül tartalmazza a tervet, jegyzetekkel együtt. | E28: Figyelmeztetés megosztás előtt, jegyzetek kihagyása opcióként. | F28: Nyitott
A29: 25 | B29: Jogi szempont | C29: Low | D29: A „Küldés a ChatGPT-nek” felirat a ChatGPT védjegyet használja. | E29: Megjegyzés, hogy az alkalmazás nem kapcsolódik az OpenAI-hoz. | F29: Nyitott
A30: 26 | B30: Felhasználói élmény | C30: Low | D30: A mappanév és a törlés megerősítése a böngésző beépített ablakaiban jelenik meg, iPhone-on csúnyán. | E30: Saját, egységes párbeszédablak. | F30: Nyitott
A31: 27 | B31: Funkció | C31: Low | D31: Az árak (K-08) dátum nélkül szerepelnek, elavulhatnak. Nincs többeszközös szinkron. | E31: Árdátum és frissítési lehetőség. Később opcionális szinkron (pl. fájl vagy felhő). | F31: Nyitott

Sheet Összesítő
A1: Javaslatok száma kategória és fontosság szerint
A3: Kategória | B3: High | C3: Normal | D3: Low | E3: Összesen | F3: Ebből kész
A4: Felhasználói élmény | B4: =COUNTIFS(Javaslatok!$B$5:$B$31,$A4,Javaslatok!$C$5:$C$31,B$3) -> 1 | C4: =COUNTIFS(Javaslatok!$B$5:$B$31,$A4,Javaslatok!$C$5:$C$31,C$3) -> 5 | D4: =COUNTIFS(Javaslatok!$B$5:$B$31,$A4,Javaslatok!$C$5:$C$31,D$3) -> 1 | E4: =SUM(B4:D4) -> 7 | F4: =COUNTIFS(Javaslatok!$B$5:$B$31,$A4,Javaslatok!$F$5:$F$31,"Kész") -> 1
A5: Funkció | B5: =COUNTIFS(Javaslatok!$B$5:$B$31,$A5,Javaslatok!$C$5:$C$31,B$3) -> 1 | C5: =COUNTIFS(Javaslatok!$B$5:$B$31,$A5,Javaslatok!$C$5:$C$31,C$3) -> 3 | D5: =COUNTIFS(Javaslatok!$B$5:$B$31,$A5,Javaslatok!$C$5:$C$31,D$3) -> 1 | E5: =SUM(B5:D5) -> 5 | F5: =COUNTIFS(Javaslatok!$B$5:$B$31,$A5,Javaslatok!$F$5:$F$31,"Kész") -> 2
A6: Biztonság | B6: =COUNTIFS(Javaslatok!$B$5:$B$31,$A6,Javaslatok!$C$5:$C$31,B$3) -> 0 | C6: =COUNTIFS(Javaslatok!$B$5:$B$31,$A6,Javaslatok!$C$5:$C$31,C$3) -> 3 | D6: =COUNTIFS(Javaslatok!$B$5:$B$31,$A6,Javaslatok!$C$5:$C$31,D$3) -> 2 | E6: =SUM(B6:D6) -> 5 | F6: =COUNTIFS(Javaslatok!$B$5:$B$31,$A6,Javaslatok!$F$5:$F$31,"Kész") -> 3
A7: Jogi szempont | B7: =COUNTIFS(Javaslatok!$B$5:$B$31,$A7,Javaslatok!$C$5:$C$31,B$3) -> 5 | C7: =COUNTIFS(Javaslatok!$B$5:$B$31,$A7,Javaslatok!$C$5:$C$31,C$3) -> 4 | D7: =COUNTIFS(Javaslatok!$B$5:$B$31,$A7,Javaslatok!$C$5:$C$31,D$3) -> 1 | E7: =SUM(B7:D7) -> 10 | F7: =COUNTIFS(Javaslatok!$B$5:$B$31,$A7,Javaslatok!$F$5:$F$31,"Kész") -> 5
A8: Összesen | B8: =SUM(B4:B7) -> 7 | C8: =SUM(C4:C7) -> 15 | D8: =SUM(D4:D7) -> 5 | E8: =SUM(E4:E7) -> 27 | F8: =SUM(F4:F7) -> 11
A10: A számok a Javaslatok lap Kategória, Fontosság és Állapot oszlopából számolódnak; ott módosítva frissülnek.
